日期,股票代码,名称,收盘价,最高价,最低价,开盘价,前收盘,涨跌额,涨跌幅,换手率,成交量,成交金额,总市值,流通市值
2017/1/20,'000777,中核科技,21.17,21.29,20.9,20.9,20.86,0.31,1.4861,1.0687,4097505,86664725.78,8116950444,8116950444
2017/1/19,'000777,中核科技,20.86,21.14,20.82,21.12,21.12,-0.26,-1.2311,1.0455,4008703,83926679.28,7998090990,7998090990
2017/1/18,'000777,中核科技,21.12,21.44,21.09,21.4,21.37,-0.25,-1.1699,0.922,3535002,75292556.6,8097779564,8097779564
2017/1/17,'000777,中核科技,21.37,21.49,20.75,21.17,21.15,0.22,1.0402,1.3459,5160269,109652595.5,8193633962,8193633962
2017/1/16,'000777,中核科技,21.15,22.5,20.28,22.5,22.53,-1.38,-6.1252,3.1691,12150966,261947917.1,8109282092,8109282092
2017/1/13,'000777,中核科技,22.53,22.88,22.43,22.71,22.85,-0.32,-1.4004,1.8603,7132550,161394780.8,8638398370,8638398370
2017/1/12,'000777,中核科技,22.85,23.53,22.75,23.41,23.51,-0.66,-2.8073,2.817,10800996,249876234.2,8761092000,8761092000
2017/1/11,'000777,中核科技,23.51,23.71,23.06,23.22,23.25,0.26,1.1183,4.0062,15360483,360093755.2,9014147611,9014147611
2017/1/10,'000777,中核科技,23.25,23.59,23.23,23.4,23.57,-0.32,-1.3577,2.713,10402149,243289916.6,8914459037,8914459037
2017/1/9,'000777,中核科技,23.57,23.7,22.72,22.96,23,0.57,2.4783,5.3134,20372449,475747935.6,9037152667,9037152667
2017/1/6,'000777,中核科技,23,23.19,22.82,22.95,22.87,0.13,0.5684,3.0819,11816610,271885545.4,8818604639,8818604639
2017/1/5,'000777,中核科技,22.87,22.93,22.56,22.75,22.75,0.12,0.5275,2.6699,10236812,233103957.5,8768760352,8768760352
2017/1/4,'000777,中核科技,22.75,22.81,22.54,22.65,22.6,0.15,0.6637,1.5802,6058882,137503830.2,8722750241,8722750241
2017/1/3,'000777,中核科技,22.6,22.68,22.36,22.49,22.38,0.22,0.983,1.3948,5348100,120728947.2,8665237602,8665237602
2016/12/30,'000777,中核科技,22.38,22.63,22.31,22.49,22.58,-0.2,-0.8857,1.322,5068828,113686645.3,8580885731,8580885731
2016/12/29,'000777,中核科技,22.58,22.7,22.36,22.41,22.43,0.15,0.6687,1.2307,4718858,106240524.4,8657569250,8657569250
2016/12/28,'000777,中核科技,22.43,22.72,22.42,22.63,22.58,-0.15,-0.6643,1.4301,5483427,123681991.5,8600056611,8600056611
2016/12/27,'000777,中核科技,22.58,22.93,22.56,22.92,22.91,-0.33,-1.4404,1.5646,5998804,136263536.3,8657569250,8657569250
2016/12/26,'000777,中核科技,22.91,22.96,22.38,22.7,22.89,0.02,0.0874,2.1045,8068925,182955263.2,8784097056,8784097056
2016/12/23,'000777,中核科技,22.89,23.25,22.64,22.95,23.11,-0.22,-0.952,2.38,9125180,208889546.6,8776428704,8776428704
2016/12/22,'000777,中核科技,23.11,23.55,22.75,22.82,22.82,0.29,1.2708,3.7389,14335433,333074476.8,8860780574,8860780574
2016/12/21,'000777,中核科技,22.82,22.96,22.58,22.59,22.53,0.29,1.2872,2.2115,8479447,193133942.4,8749589472,8749589472
2016/12/20,'000777,中核科技,22.53,22.67,22.41,22.67,22.69,-0.16,-0.7052,1.329,5095772,114711037.5,8638398370,8638398370
2016/12/19,'000777,中核科技,22.69,22.77,22.51,22.67,22.63,0.06,0.2651,1.4709,5639790,127588225.1,8699745185,8699745185
2016/12/16,'000777,中核科技,22.63,22.88,22.58,22.73,22.71,-0.08,-0.3523,1.9302,7400685,168016411.1,8676740130,8676740130
2016/12/15,'000777,中核科技,22.71,22.94,22.31,22.41,22.48,0.23,1.0231,2.232,8558072,194233270.7,8707413537,8707413537
2016/12/14,'000777,中核科技,22.48,22.92,22.4,22.81,22.91,-0.43,-1.8769,3.0343,11634014,263572058.4,8619227491,8619227491
2016/12/13,'000777,中核科技,22.91,23.59,22.5,23.45,23.54,-0.63,-2.6763,4.8687,18667398,428549097.2,8784097056,8784097056
2016/12/12,'000777,中核科技,23.54,24.84,23.43,24.84,24.91,-1.37,-5.4998,5.834,22368744,539465718.5,9025650139,9025650139
2016/12/9,'000777,中核科技,24.91,24.94,24.26,24.5,24.54,0.37,1.5077,6.6352,25440358,628328811.2,9550932242,9550932242
2016/12/8,'000777,中核科技,24.54,24.82,24.42,24.68,24.8,-0.26,-1.0484,4.8249,18499644,455161375.1,9409067732,9409067732
2016/12/7,'000777,中核科技,24.8,24.98,23.71,23.89,23.85,0.95,3.9832,7.7017,29529805,723546638.7,9508756306,9508756306
2016/12/6,'000777,中核科技,23.85,24.38,23.84,24.31,24.31,-0.46,-1.8922,3.3497,12843402,308620511.7,9144509593,9144509593
2016/12/5,'000777,中核科技,24.31,24.36,23.44,23.56,23.81,0.5,2.1,5.3774,20618075,496105701.2,9320881686,9320881686
2016/12/2,'000777,中核科技,23.81,24.55,23.59,24.3,24.46,-0.65,-2.6574,4.4952,17235309,413264685.3,9129172889,9129172889
2016/12/1,'000777,中核科技,24.46,24.65,24.05,24.16,24.2,0.26,1.0744,7.1118,27268066,664962131.1,9378394325,9378394325
2016/11/30,'000777,中核科技,24.2,24.2,23.43,23.72,23.81,0.39,1.638,5.341,20478248,490632835.9,9278705751,9278705751
2016/11/29,'000777,中核科技,23.81,24.15,23.44,23.65,23.66,0.15,0.634,3.8328,14695465,349864783.7,9129172889,9129172889
2016/11/28,'000777,中核科技,23.66,23.75,23.46,23.65,23.56,0.1,0.4244,1.8721,7178037,169541975.6,9071660250,9071660250
2016/11/25,'000777,中核科技,23.56,23.57,22.92,23.28,23.25,0.31,1.3333,2.0808,7978225,186255528.9,9033318491,9033318491
2016/11/24,'000777,中核科技,23.25,23.74,23.21,23.6,23.68,-0.43,-1.8159,2.1469,8231740,193068818.8,8914459037,8914459037
2016/11/23,'000777,中核科技,23.68,24.1,23.63,24.05,23.92,-0.24,-1.0033,2.4041,9217803,219735201.2,9079328602,9079328602
2016/11/22,'000777,中核科技,23.92,24,23.52,23.52,23.59,0.33,1.3989,3.3231,12741202,303892687.5,9171348825,9171348825
2016/11/21,'000777,中核科技,23.59,23.78,23.4,23.64,23.57,0.02,0.0849,2.0333,7796116,183967132.9,9044821019,9044821019
2016/11/18,'000777,中核科技,23.57,24.31,23.45,24,24.12,-0.55,-2.2803,4.0788,15638738,373333461.2,9037152667,9037152667
2016/11/17,'000777,中核科技,24.12,24.2,23.55,23.71,23.7,0.42,1.7722,4.4363,17009735,407051159.5,9248032343,9248032343
2016/11/16,'000777,中核科技,23.7,24.36,23.59,23.77,23.96,-0.26,-1.0851,4.8732,18684605,448016131.9,9086996954,9086996954
2016/11/15,'000777,中核科技,23.96,24.1,23.23,23.54,23.52,0.44,1.8707,4.2669,16360139,387717074.9,9186685528,9186685528
2016/11/14,'000777,中核科技,23.52,23.68,23.22,23.33,23.33,0.19,0.8144,3.0482,11687166,274688693.8,9017981787,9017981787
2016/11/11,'000777,中核科技,23.33,23.5,23.06,23.39,23.02,0.31,1.3467,3.3678,12912878,301205711.5,8945132445,8945132445
2016/11/10,'000777,中核科技,23.02,23.15,22.8,22.88,22.7,0.32,1.4097,1.9899,7629586,175548514.6,8826272991,8826272991
2016/11/9,'000777,中核科技,22.7,23.04,22.4,23,22.99,-0.29,-1.2614,1.71,6556400,149097569.9,8703579361,8703579361
2016/11/8,'000777,中核科技,22.99,23.27,22.81,23.22,23.08,-0.09,-0.3899,1.7203,6595820,151491866.6,8814770463,8814770463
2016/11/7,'000777,中核科技,23.08,23.13,22.71,22.95,22.8,0.28,1.2281,1.9724,7562431,173763163.1,8849278046,8849278046
2016/11/4,'000777,中核科技,22.8,23,22.72,22.76,22.88,-0.08,-0.3497,1.1053,4237914,96876805.38,8741921120,8741921120
2016/11/3,'000777,中核科技,22.88,23.15,22.5,22.5,22.72,0.16,0.7042,1.7968,6889213,157689557.3,8772594528,8772594528
2016/11/2,'000777,中核科技,22.72,23.07,22.63,23,23.07,-0.35,-1.5171,1.5409,5907959,134735708.2,8711247713,8711247713
2016/11/1,'000777,中核科技,23.07,23.07,22.8,22.8,22.79,0.28,1.2286,1.2039,4615974,106001077.1,8845443871,8845443871
2016/10/31,'000777,中核科技,22.79,23.09,22.6,23.09,23.04,-0.25,-1.0851,1.6469,6314324,143803978.4,8738086944,8738086944
2016/10/28,'000777,中核科技,23.04,23.56,22.99,23.4,23.52,-0.48,-2.0408,2.0342,7799291,181698264,8833941343,8833941343
2016/10/27,'000777,中核科技,23.52,23.57,23.26,23.3,23.33,0.19,0.8144,1.8859,7230955,169633907.3,9017981787,9017981787
2016/10/26,'000777,中核科技,23.33,23.58,23.16,23.51,23.6,-0.27,-1.1441,2.2704,8704999,202947319.5,8945132445,8945132445
2016/10/25,'000777,中核科技,23.6,23.9,23.48,23.8,23.99,-0.39,-1.6257,3.3811,12963803,306145257,9048655195,9048655195
2016/10/24,'000777,中核科技,23.99,24.48,23.5,23.61,23.61,0.38,1.6095,5.4226,20791339,500347498.7,9198188056,9198188056
2016/10/21,'000777,中核科技,23.61,23.95,23.35,23.42,23.41,0.2,0.8543,3.2785,12570315,296808365.6,9052489371,9052489371
2016/10/20,'000777,中核科技,23.41,23.59,23.24,23.42,23.53,-0.12,-0.51,1.944,7453789,174333546.7,8975805852,8975805852
2016/10/19,'000777,中核科技,23.53,23.86,23.41,23.59,23.6,-0.07,-0.2966,3.5289,13530397,319979915.8,9021815963,9021815963
2016/10/18,'000777,中核科技,23.6,23.65,22.92,22.99,23.09,0.51,2.2087,3.6941,14163842,331728226.3,9048655195,9048655195
2016/10/17,'000777,中核科技,23.09,23.65,22.89,23.13,23.1,-0.01,-0.0433,2.4187,9273720,216141909,8853112222,8853112222
2016/10/14,'000777,中核科技,23.1,23.33,22.9,23.17,23.36,-0.26,-1.113,1.6473,6316204,145650343.5,8856946398,8856946398
2016/10/13,'000777,中核科技,23.36,23.84,23.25,23.25,23.38,-0.02,-0.0855,2.921,11199611,263374234.1,8956634972,8956634972
2016/10/12,'000777,中核科技,23.38,23.6,22.96,23.05,23.22,0.16,0.6891,3.1431,12051052,280819217.6,8964303324,8964303324
2016/10/11,'000777,中核科技,23.22,23.36,23.05,23.12,23.15,0.07,0.3024,2.5189,9657950,223983593.7,8902956509,8902956509
2016/10/10,'000777,中核科技,23.15,23.15,22.71,22.79,22.74,0.41,1.803,2.3873,9153345,210188974.8,8876117278,8876117278
2016/9/30,'000777,中核科技,22.74,22.87,22.55,22.7,22.58,0.16,0.7086,2.3237,8909310,202588487.3,8718916065,8718916065
2016/9/29,'000777,中核科技,22.58,22.75,22.41,22.65,22.4,0.18,0.8036,1.8439,7069852,159478463.4,8657569250,8657569250
2016/9/28,'000777,中核科技,22.4,22.7,22.31,22.7,22.64,-0.24,-1.0601,1.2555,4813804,108452345.9,8588554083,8588554083
2016/9/27,'000777,中核科技,22.64,22.65,22.21,22.38,22.55,0.09,0.3991,2.0196,7743590,173770841.3,8680574306,8680574306
2016/9/26,'000777,中核科技,22.55,23.48,22.55,23.44,23.51,-0.96,-4.0834,2.9672,11376933,262138547.3,8646066722,8646066722
2016/9/23,'000777,中核科技,23.51,24.05,23.4,23.82,23.72,-0.21,-0.8853,2.9104,11158843,263719506.3,9014147611,9014147611
2016/9/22,'000777,中核科技,23.72,24.1,23.6,24.05,23.84,-0.12,-0.5034,3.3332,12780142,303829493.8,9094665306,9094665306
2016/9/21,'000777,中核科技,23.84,24.08,23.55,23.81,23.84,0,0,3.8048,14588105,347189870.2,9140675417,9140675417
2016/9/20,'000777,中核科技,23.84,24.49,23.66,24.45,24.26,-0.42,-1.7312,8.2754,31729376,759721266.9,9140675417,9140675417
2016/9/19,'000777,中核科技,24.26,24.26,22.95,23.02,22.05,2.21,10.0227,5.6892,21813585,521059301.1,9301710806,9301710806
2016/9/14,'000777,中核科技,22.05,22.16,21.9,22.08,22.09,-0.04,-0.1811,0.6945,2662830,58661806.69,8454357926,8454357926
2016/9/13,'000777,中核科技,22.09,22.28,22.04,22.15,22.08,0.01,0.0453,0.7682,2945469,65224787.46,8469694629,8469694629
2016/9/12,'000777,中核科技,22.08,22.47,22.03,22.42,22.87,-0.79,-3.4543,1.797,6890112,152959870.3,8465860453,8465860453
2016/9/9,'000777,中核科技,22.87,23.1,22.63,22.67,22.67,0.2,0.8822,2.3499,9009850,206546716.1,8768760352,8768760352
2016/9/8,'000777,中核科技,22.67,22.84,22.53,22.62,22.66,0.01,0.0441,0.9709,3722594,84323833.26,8692076833,8692076833
2016/9/7,'000777,中核科技,22.66,23.3,22.49,22.49,22.56,0.1,0.4433,1.8688,7165391,164072792.3,8688242657,8688242657
2016/9/6,'000777,中核科技,22.56,22.61,22.03,22.3,22.25,0.31,1.3933,1.3867,5316823,118871953.6,8649900898,8649900898
2016/9/5,'000777,中核科技,22.25,22.46,22.25,22.4,22.28,-0.03,-0.1346,0.6271,2404297,53734946.29,8531041444,8531041444
2016/9/2,'000777,中核科技,22.28,22.45,22.18,22.3,22.3,-0.02,-0.0897,0.7902,3029631,67555905.11,8542543972,8542543972
2016/9/1,'000777,中核科技,22.3,22.68,22.3,22.6,22.64,-0.34,-1.5018,0.987,3784463,85034756.54,8550212324,8550212324
2016/8/31,'000777,中核科技,22.64,22.76,22.24,22.48,22.56,0.08,0.3546,1.157,4436227,99782867.86,8680574306,8680574306
2016/8/30,'000777,中核科技,22.56,22.72,22.46,22.5,22.45,0.11,0.49,0.846,3243620,73189533.48,8649900898,8649900898
2016/8/29,'000777,中核科技,22.45,22.57,22.4,22.4,22.39,0.06,0.268,0.7684,2946238,66179567.13,8607724963,8607724963
2016/8/26,'000777,中核科技,22.39,22.63,22.36,22.45,22.4,-0.01,-0.0446,0.9424,3613322,81323956.25,8584719907,8584719907
2016/8/25,'000777,中核科技,22.4,22.77,22.24,22.6,22.78,-0.38,-1.6681,1.3973,5357507,119854598.8,8588554083,8588554083
2016/8/24,'000777,中核科技,22.78,23.04,22.71,22.89,22.9,-0.12,-0.524,1.055,4045138,92416785.16,8734252769,8734252769
2016/8/23,'000777,中核科技,22.9,23.11,22.6,22.6,22.74,0.16,0.7036,1.1127,4266431,97606088.55,8780262880,8780262880
2016/8/22,'000777,中核科技,22.74,23.37,22.7,23.37,23.35,-0.61,-2.6124,1.4693,5633678,129592790.7,8718916065,8718916065
2016/8/19,'000777,中核科技,23.35,23.44,23.06,23.14,23.09,0.26,1.126,1.7307,6635869,154181885,8952800797,8952800797
2016/8/18,'000777,中核科技,23.09,23.31,23.01,23.06,23.09,0,0,1.2827,4918000,113739398,8853112222,8853112222
2016/8/17,'000777,中核科技,23.09,23.26,23.03,23.25,23.3,-0.21,-0.9013,1.4636,5611833,129757283.2,8853112222,8853112222
2016/8/16,'000777,中核科技,23.3,23.5,22.92,23.05,23,0.3,1.3043,2.3054,8839185,204602380.5,8933629917,8933629917
2016/8/15,'000777,中核科技,23,23.12,22.31,22.55,22.4,0.6,2.6786,2.2552,8646867,197350751.3,8818604639,8818604639
2016/8/12,'000777,中核科技,22.4,22.44,22.05,22.29,22.12,0.28,1.2658,1.1051,4237320,94215521.92,8588554083,8588554083
2016/8/11,'000777,中核科技,22.12,22.69,22.1,22.67,22.65,-0.53,-2.34,1.3993,5365213,119774402.1,8481197157,8481197157
2016/8/10,'000777,中核科技,22.65,22.92,22.6,22.83,22.78,-0.13,-0.5707,1.2433,4767033,108351591,8684408481,8684408481
2016/8/9,'000777,中核科技,22.78,22.82,22.58,22.8,22.69,0.09,0.3967,1.4362,5506496,125023929.4,8734252769,8734252769
2016/8/8,'000777,中核科技,22.69,22.71,22,22.26,22.22,0.47,2.1152,1.3847,5309351,118980862.7,8699745185,8699745185
2016/8/5,'000777,中核科技,22.22,22.56,22.15,22.48,22.48,-0.26,-1.1566,0.9295,3563829,79807176.7,8519538916,8519538916
2016/8/4,'000777,中核科技,22.48,22.56,22.18,22.39,22.38,0.1,0.4468,1.1814,4529648,101438270.1,8619227491,8619227491
2016/8/3,'000777,中核科技,22.38,22.57,22.2,22.32,22.38,0,0,1.0408,3990507,89460521.48,8580885731,8580885731
2016/8/2,'000777,中核科技,22.38,22.5,22.03,22.03,22.16,0.22,0.9928,1.0925,4188897,93265228.77,8580885731,8580885731
2016/8/1,'000777,中核科技,22.16,22.39,21.87,22.3,22.7,-0.54,-2.3789,1.6018,6141508,135676788.6,8496533861,8496533861
2016/7/29,'000777,中核科技,22.7,23.18,22.6,23.1,23.14,-0.44,-1.9015,1.6437,6302191,143957383.9,8703579361,8703579361
2016/7/28,'000777,中核科技,23.14,23.49,22.66,23.3,23.24,-0.1,-0.4303,2.5351,9719982,224316412.5,8872283102,8872283102
2016/7/27,'000777,中核科技,23.24,24.96,23,24.83,24.85,-1.61,-6.4789,4.3929,16843323,402781458.6,8910624861,8910624861
2016/7/26,'000777,中核科技,24.85,24.88,24.5,24.8,24.74,0.11,0.4446,2.4005,9203985,227467244,9527927186,9527927186
2016/7/25,'000777,中核科技,24.74,24.86,24.35,24.46,24.45,0.29,1.1861,1.8631,7143575,176196113.8,9485751251,9485751251
2016/7/22,'000777,中核科技,24.45,24.79,24.35,24.5,24.35,0.1,0.4107,2.2098,8472794,208192385.9,9374560149,9374560149
2016/7/21,'000777,中核科技,24.35,24.75,24.35,24.5,24.52,-0.17,-0.6933,1.9372,7427579,182251481.5,9336218390,9336218390
2016/7/20,'000777,中核科技,24.52,24.87,24.51,24.76,24.77,-0.25,-1.0093,1.6114,6178384,152363526.4,9401399380,9401399380
2016/7/19,'000777,中核科技,24.77,24.77,24.23,24.54,24.7,0.07,0.2834,2.3745,9104271,223226144.3,9497253779,9497253779
2016/7/18,'000777,中核科技,24.7,25.19,24.54,25,24.9,-0.2,-0.8032,2.6906,10316404,255731063.9,9470414547,9470414547
2016/7/15,'000777,中核科技,24.9,25.88,24.9,25.6,25,-0.1,-0.4,4.5482,17438758,441261364.7,9547098066,9547098066
2016/7/14,'000777,中核科技,25,25.3,24.85,25.29,25.3,-0.3,-1.1858,4.1614,15955583,399344397.4,9585439825,9585439825
2016/7/13,'000777,中核科技,25.3,25.65,24.7,25.2,25.24,0.06,0.2377,6.0965,23374983,588533281.6,9700465103,9700465103
2016/7/12,'000777,中核科技,25.24,25.25,24.06,24.14,24.2,1.04,4.2975,7.0013,26844303,666638362.3,9677460047,9677460047
2016/7/11,'000777,中核科技,24.2,24.77,24.1,24.11,24.11,0.09,0.3733,3.6279,13909835,340320057.6,9278705751,9278705751
2016/7/8,'000777,中核科技,24.11,24.5,23.91,24.08,24.08,0.03,0.1246,2.5496,9775780,237013391.5,9244198167,9244198167
2016/7/7,'000777,中核科技,24.08,24.44,23.73,24.42,24.45,-0.37,-1.5133,2.9906,11466397,275939916,9232695639,9232695639
2016/7/6,'000777,中核科技,24.45,24.52,24.1,24.4,24.65,-0.2,-0.8114,3.4751,13324045,324063640.8,9374560149,9374560149
2016/7/5,'000777,中核科技,24.65,25.54,23.95,24.01,24.08,0.57,2.3671,8.0651,30922912,766876018.7,9451243667,9451243667
2016/7/4,'000777,中核科技,24.08,24.3,23.02,23.08,23.33,0.75,3.2147,4.9395,18939026,450738838.8,9232695639,9232695639
2016/7/1,'000777,中核科技,23.33,23.7,23.3,23.68,23.56,-0.23,-0.9762,2.7465,10530683,246993556.3,8945132445,8945132445
2016/6/30,'000777,中核科技,23.56,23.85,23.02,23.25,23.47,0.09,0.3835,3.6207,13882573,325349525.2,9033318491,9033318491
2016/6/29,'000777,中核科技,23.47,23.61,23.1,23.3,23.33,0.14,0.6001,3.776,14477833,339193669.7,8998810908,8998810908
2016/6/28,'000777,中核科技,23.33,23.57,22.6,22.78,22.84,0.49,2.1454,3.7938,14545971,336154327.8,8945132445,8945132445
2016/6/27,'000777,中核科技,22.84,22.95,21.98,22,22.1,0.74,3.3484,2.5181,9654953,218375986.3,8757257824,8757257824
2016/6/24,'000777,中核科技,22.1,22.99,21.59,22.67,22.82,-0.72,-3.1551,3.0911,11851795,264956636.4,8473528805,8473528805
2016/6/23,'000777,中核科技,22.82,23.03,22.45,23.02,23.08,-0.26,-1.1265,2.3355,8954527,203655687.5,8749589472,8749589472
2016/6/22,'000777,中核科技,23.08,23.09,22.56,22.65,22.8,0.28,1.2281,2.4528,9404653,214661530.5,8849278046,8849278046
2016/6/21,'000777,中核科技,22.8,23.77,22.67,23.67,23.43,-0.63,-2.6889,3.7768,14480977,337023487,8741921120,8741921120
2016/6/20,'000777,中核科技,23.43,23.8,23.09,23.75,23.23,0.2,0.861,2.7076,10381480,243114820.3,8983474204,8983474204
2016/6/17,'000777,中核科技,23.23,23.62,23.1,23.35,23.63,-0.4,-1.6928,4.8022,18412491,429647606.6,8906790685,8906790685
2016/6/16,'000777,中核科技,23.63,24.15,22.18,22.68,22.3,1.33,5.9641,7.6088,29173302,682811201,9060157723,9060157723
2016/6/15,'000777,中核科技,22.3,22.4,21.28,21.55,21.66,0.64,2.9548,2.6214,10051053,222077472.1,8550212324,8550212324
2016/6/14,'000777,中核科技,21.66,22.1,21.45,21.65,21.88,-0.22,-1.0055,1.9256,7383076,160264692.3,8304825064,8304825064
2016/6/13,'000777,中核科技,21.88,23.49,21.86,22.52,22.97,-1.09,-4.7453,4.7798,18326761,421318002.8,8389176935,8389176935
2016/6/8,'000777,中核科技,22.97,23.4,22.23,22.45,22.4,0.57,2.5446,3.815,14627401,335264933.6,8807102111,8807102111
2016/6/7,'000777,中核科技,22.46,22.63,22.28,22.63,22.64,-0.18,-0.7951,1.5998,6134038,137551196.6,8611559139,8611559139
2016/6/6,'000777,中核科技,22.64,23.17,22.46,23,22.97,-0.33,-1.4367,2.3996,9200353,209536081.2,8680574306,8680574306
2016/6/3,'000777,中核科技,22.97,23.09,22.41,22.66,22.63,0.34,1.5024,3.0255,11600329,263968784.9,8807102111,8807102111
2016/6/2,'000777,中核科技,22.63,22.66,22.31,22.38,22.38,0.25,1.1171,2.201,8439060,189715938.7,8676740130,8676740130
2016/6/1,'000777,中核科技,22.38,22.67,22.2,22.22,22.31,0.07,0.3138,2.7824,10668114,239455745,8580885731,8580885731
2016/5/31,'000777,中核科技,22.31,22.33,21.34,21.47,21.34,0.97,4.5455,3.1457,12061306,265686964,8554046500,8554046500
2016/5/30,'000777,中核科技,21.34,21.65,21.1,21.4,21.54,-0.2,-0.9285,0.9811,3761605,80507808.64,8182131435,8182131435
2016/5/27,'000777,中核科技,21.54,21.73,21.38,21.62,21.51,0.03,0.1395,1.5079,5781382,124941305.6,8258814953,8258814953
2016/5/26,'000777,中核科技,21.51,21.77,21,21.65,21.78,-0.27,-1.2397,1.9517,7483245,159503451.3,8247312425,8247312425
2016/5/25,'000777,中核科技,21.78,21.97,21.37,21.68,21.58,0.2,0.9268,2.1848,8377032,182068288.3,8350835176,8350835176
2016/5/24,'000777,中核科技,21.58,22,21.3,21.64,21.63,-0.05,-0.2312,2.0498,7859191,170331316.4,8274151657,8274151657
2016/5/23,'000777,中核科技,21.63,21.78,21.22,21.22,21.17,0.46,2.1729,1.7412,6676086,144006853.5,8293322537,8293322537
2016/5/20,'000777,中核科技,21.17,21.18,20.57,20.73,20.97,0.2,0.9537,1.0131,3884466,81527146.9,8116950444,8116950444
2016/5/19,'000777,中核科技,20.97,21.36,20.94,20.94,20.95,0.02,0.0955,1.1101,4256246,90093201.15,8040266925,8040266925
2016/5/18,'000777,中核科技,20.95,21.39,20.8,21.39,21.7,-0.75,-3.4562,1.4579,5589973,117863831.4,8032598573,8032598573
2016/5/17,'000777,中核科技,21.7,21.95,21.5,21.85,21.85,-0.15,-0.6865,1.2645,4848196,105336065.6,8320161768,8320161768
2016/5/16,'000777,中核科技,21.85,21.86,21.06,21.33,21.37,0.48,2.2461,1.4348,5501235,118878403,8377674407,8377674407
2016/5/13,'000777,中核科技,21.37,21.87,21.16,21.39,21.35,0.02,0.0937,1.1186,4288775,92268562.69,8193633962,8193633962
2016/5/12,'000777,中核科技,21.35,21.49,20.75,21.3,21.52,-0.17,-0.79,1.1751,4505608,95281984.79,8185965611,8185965611
2016/5/11,'000777,中核科技,21.52,21.89,21.45,21.77,21.63,-0.11,-0.5086,1.1092,4252970,92133309.98,8251146601,8251146601
2016/5/10,'000777,中核科技,21.63,21.95,21.4,21.4,21.51,0.12,0.5579,1.3864,5315846,115024869.1,8293322537,8293322537
2016/5/9,'000777,中核科技,21.51,22.5,21.3,22.42,22.7,-1.19,-5.2423,2.0569,7886560,171667642.3,8247312425,8247312425
2016/5/6,'000777,中核科技,22.7,24.08,22.7,23.89,23.88,-1.18,-4.9414,3.1989,12265123,285739413,8703579361,8703579361
2016/5/5,'000777,中核科技,23.88,23.97,23.55,23.61,23.8,0.08,0.3361,1.6239,6226142,148034111.9,9156012121,9156012121
2016/5/4,'000777,中核科技,23.8,24.08,23.63,23.69,23.85,-0.05,-0.2096,1.9864,7616164,181774205.6,9125338713,9125338713
2016/5/3,'000777,中核科技,23.85,23.86,23.03,23.03,23.14,0.71,3.0683,2.0856,7996477,189040858.9,9144509593,9144509593
2016/4/29,'000777,中核科技,23.14,23.5,23.03,23.1,23.38,-0.24,-1.0265,1.0639,4079348,94807971.63,8872283102,8872283102
2016/4/28,'000777,中核科技,23.38,23.7,22.83,23.69,23.75,-0.37,-1.5579,1.8528,7104096,165257449.8,8964303324,8964303324
2016/4/27,'000777,中核科技,23.75,24.2,23.6,23.83,23.73,0.02,0.0843,1.9763,7577306,180566821.8,9106167834,9106167834
2016/4/26,'000777,中核科技,23.73,23.86,23.42,23.65,23.77,-0.04,-0.1683,1.6067,6160475,145650415.4,9098499482,9098499482
2016/4/25,'000777,中核科技,23.77,23.99,22.81,23.3,23.29,0.48,2.061,2.8315,10856420,255461502,9113836186,9113836186
2016/4/22,'000777,中核科技,23.29,23.29,22.68,22.68,22.98,0.31,1.349,1.4762,5659961,130709897.2,8929795741,8929795741
2016/4/21,'000777,中核科技,22.98,23.62,22.95,23.2,23.35,-0.37,-1.5846,1.9732,7565557,176217939.4,8810936287,8810936287
2016/4/20,'000777,中核科技,23.35,24.93,22.61,24.82,24.79,-1.44,-5.8088,3.6984,14180375,336858268.3,8952800797,8952800797
2016/4/19,'000777,中核科技,24.79,24.96,24.52,24.8,24.65,0.14,0.568,1.6917,6486176,160587161.5,9504922130,9504922130
2016/4/18,'000777,中核科技,24.65,25.24,24.58,25.24,25.53,-0.88,-3.4469,2.5587,9810629,243166499,9451243667,9451243667
2016/4/15,'000777,中核科技,25.53,25.75,25.35,25.65,25.65,-0.12,-0.4678,2.3366,8958917,228462436.8,9788651149,9788651149
2016/4/14,'000777,中核科技,25.65,25.88,25.37,25.77,25.74,-0.09,-0.3497,3.185,12211892,312645318.4,9834661260,9834661260
2016/4/13,'000777,中核科技,25.74,25.87,24.95,24.95,24.87,0.87,3.4982,5.1151,19612151,501640201.3,9869168844,9869168844
2016/4/12,'000777,中核科技,24.87,25.36,24.65,25.36,25.3,-0.43,-1.6996,2.3935,9177265,228565259.9,9535595538,9535595538
2016/4/11,'000777,中核科技,25.3,25.49,24.85,24.85,24.5,0.8,3.2653,3.1176,11953297,301442251.8,9700465103,9700465103
2016/4/8,'000777,中核科技,24.5,25.15,24.17,25,25.27,-0.77,-3.0471,3.5701,13688295,337145429.2,9393731029,9393731029
2016/4/7,'000777,中核科技,25.27,26.3,25.25,26.24,26.04,-0.77,-2.957,4.2636,16347255,417593159.3,9688962575,9688962575
2016/4/6,'000777,中核科技,26.04,26.35,25.45,25.73,25.75,0.29,1.1262,5.2932,20294923,526468060.5,9984194122,9984194122
2016/4/5,'000777,中核科技,25.75,25.96,24.96,25.5,25.36,0.39,1.5379,4.7313,18140643,463481731.8,9873003020,9873003020
2016/4/1,'000777,中核科技,25.36,26.43,25.02,26.25,26.26,-0.9,-3.4273,4.882,18718289,477655379.4,9723470158,9723470158
2016/3/31,'000777,中核科技,26.26,27.09,25.91,27,26.7,-0.44,-1.6479,6.2076,23801089,628162194.4,10068545992,10068545992
2016/3/30,'000777,中核科技,26.7,26.7,25.4,25.8,25.35,1.35,5.3254,5.5199,21164372,550824338.2,10237249733,10237249733
2016/3/29,'000777,中核科技,25.35,26.9,25.07,26.9,27.03,-1.68,-6.2153,5.9843,22944764,592235812.2,9719635983,9719635983
2016/3/28,'000777,中核科技,27.03,27.54,26.72,27.45,26.9,0.13,0.4833,7.7694,29789332,805430128,10363777539,10363777539
2016/3/25,'000777,中核科技,26.9,27.18,25.6,25.88,26.1,0.8,3.0651,8.2369,31581724,831049463.9,10313933252,10313933252
2016/3/24,'000777,中核科技,26.1,27.8,26.01,26.25,25.57,0.53,2.0727,12.5621,48165215,1285621054,10007199177,10007199177
2016/3/23,'000777,中核科技,25.57,25.6,24.69,24.81,24.81,0.76,3.0633,7.481,28683371,722124647,9803987853,9803987853
2016/3/22,'000777,中核科技,24.81,26,24.07,24.26,24.36,0.45,1.8473,8.1393,31207445,783558305.5,9512590482,9512590482
2016/3/21,'000777,中核科技,24.36,24.6,24.03,24.35,24.1,0.26,1.0788,8.3303,31939859,776023830.6,9340052565,9340052565
2016/3/18,'000777,中核科技,24.1,24.28,22.11,22.38,22.07,2.03,9.198,10.9731,42072709,987795302.1,9240363991,9240363991
2016/3/17,'000777,中核科技,22.07,22.31,21.08,21.11,21.12,0.95,4.4981,4.3509,16682159,362630267.9,8462026278,8462026278
2016/3/16,'000777,中核科技,21.12,21.5,20.84,21.4,21.2,-0.08,-0.3774,1.7279,6625064,140024439.1,8097779564,8097779564
2016/3/15,'000777,中核科技,21.2,21.53,21,21.21,21.31,-0.11,-0.5162,1.6853,6461769,137316314.1,8128452972,8128452972
2016/3/14,'000777,中核科技,21.31,21.6,20.79,20.79,20.49,0.82,4.002,2.5176,9653069,206053195.7,8170628907,8170628907
2016/3/11,'000777,中核科技,20.49,20.69,20.21,20.3,20.7,-0.21,-1.0145,1.3028,4995183,102225709.7,7856226481,7856226481
2016/3/10,'000777,中核科技,20.7,21.36,20.64,21.18,21.1,-0.4,-1.8957,1.5302,5866871,123005094,7936744175,7936744175
2016/3/9,'000777,中核科技,21.1,21.7,20.82,20.82,21.8,-0.7,-3.211,1.8278,7007956,148646430.1,8090111212,8090111212
2016/3/8,'000777,中核科技,21.8,21.93,20.41,21.62,21.62,0.18,0.8326,2.6474,10150779,215067449.5,8358503527,8358503527
2016/3/7,'000777,中核科技,21.62,22.07,21.33,21.36,21.16,0.46,2.1739,2.1274,8156737,176642662.8,8289488361,8289488361
2016/3/4,'000777,中核科技,21.16,22.19,20.79,22.01,22.19,-1.03,-4.6417,3.2029,12280661,263543453.2,8113116268,8113116268
2016/3/3,'000777,中核科技,22.19,22.36,21.6,21.78,21.71,0.48,2.211,3.5597,13648478,301721422,8508036389,8508036389
2016/3/2,'000777,中核科技,21.71,21.79,20.55,20.7,20.6,1.11,5.3883,2.6828,10286213,218600761,8323995944,8323995944
2016/3/1,'000777,中核科技,20.6,20.71,19.91,20.09,19.99,0.61,3.0515,2.1391,8201696,166774281.1,7898402416,7898402416
2016/2/29,'000777,中核科技,19.99,21.57,19.69,21.49,21.49,-1.5,-6.98,2.7709,10624032,214313439.7,7664517684,7664517684
2016/2/26,'000777,中核科技,21.49,22.25,20.85,22.01,21.9,-0.41,-1.8721,2.9303,11235202,243126917.8,8239644074,8239644074
2016/2/25,'000777,中核科技,21.9,24.13,21.9,24.13,24.33,-2.43,-9.9877,4.4566,17087569,391489663.7,8396845287,8396845287
2016/2/24,'000777,中核科技,24.33,24.44,23.38,24,24.15,0.18,0.7453,4.9904,19133981,459619085.2,9328550038,9328550038
2016/2/23,'000777,中核科技,24.15,24.18,23.43,23.65,23.53,0.62,2.6349,4.6858,17966199,428644522.8,9259534871,9259534871
2016/2/22,'000777,中核科技,23.53,23.79,23.07,23.26,22.96,0.57,2.4826,3.2746,12555559,294596237.6,9021815963,9021815963
2016/2/19,'000777,中核科技,22.96,23.15,22.73,23,23.02,-0.06,-0.2606,2.4291,9313431,213318258.7,8803267935,8803267935
2016/2/18,'000777,中核科技,23.02,23.88,22.73,23.34,23,0.02,0.087,4.4049,16889286,392676709.6,8826272991,8826272991
2016/2/17,'000777,中核科技,23,23.52,22.3,22.45,22.54,0.46,2.0408,3.8817,14883215,342102529.2,8818604639,8818604639
2016/2/16,'000777,中核科技,22.54,22.63,21.51,21.51,21.4,1.14,5.3271,2.8349,10869334,241781287.7,8642232546,8642232546
2016/2/15,'000777,中核科技,21.4,21.66,20.53,20.79,21.7,-0.3,-1.3825,1.6262,6235158,131618397.5,8205136490,8205136490
2016/2/5,'000777,中核科技,21.7,22.5,21.53,22.5,22.34,-0.64,-2.8648,1.8617,7137933,157640016.3,8320161768,8320161768
2016/2/4,'000777,中核科技,22.34,22.45,22,22,21.89,0.45,2.0557,2.4233,9291378,206649990.7,8565549028,8565549028
2016/2/3,'000777,中核科技,21.89,22,21.28,21.66,21.95,-0.06,-0.2733,1.7058,6540339,141318645.7,8393011111,8393011111
2016/2/2,'000777,中核科技,21.95,22.5,21.02,21.1,21.09,0.86,4.0778,2.5164,9648223,210932534.3,8416016166,8416016166
2016/2/1,'000777,中核科技,21.09,21.9,20.7,21.73,21.44,-0.35,-1.6325,1.9109,7326638,156678835.5,8086277036,8086277036
2016/1/29,'000777,中核科技,21.44,21.75,20.6,20.66,20.64,0.8,3.876,2.479,9504978,202482912.5,8220473194,8220473194
2016/1/28,'000777,中核科技,20.64,21.8,20.3,21.18,21.39,-0.75,-3.5063,2.2673,8693166,184994370.6,7913739120,7913739120
2016/1/27,'000777,中核科技,21.39,21.95,19.86,21.6,21.6,-0.21,-0.9722,2.8653,10986155,229583272.2,8201302314,8201302314
2016/1/26,'000777,中核科技,21.6,23.75,21.6,23.65,24,-2.4,-10,3.0215,11584981,262800838.5,8281820009,8281820009
2016/1/25,'000777,中核科技,24,24.47,23.6,24.08,23.75,0.25,1.0526,1.9871,7619030,183803692.1,9202022232,9202022232
2016/1/22,'000777,中核科技,23.75,24.09,22.8,23.99,23.38,0.37,1.5825,2.3522,9018711,212734466.9,9106167834,9106167834
2016/1/21,'000777,中核科技,23.38,25.03,23.3,24.4,25.09,-1.71,-6.8155,3.6316,13924207,339407880.8,8964303324,8964303324
2016/1/20,'000777,中核科技,25.09,26.16,24.31,24.5,24.5,0.59,2.4082,5.7541,22062216,557731375.4,9619947408,9619947408
2016/1/19,'000777,中核科技,24.5,24.81,23.05,23.33,23.36,1.14,4.8801,3.5144,13474711,325605174,9393731029,9393731029
2016/1/18,'000777,中核科技,23.36,23.78,22.01,22.21,23.01,0.35,1.5211,2.0226,7755061,181095886.4,8956634972,8956634972
2016/1/15,'000777,中核科技,23.01,24.18,22.8,23.8,23.98,-0.97,-4.045,2.7313,10472465,247166750.2,8822438815,8822438815
2016/1/14,'000777,中核科技,23.98,24.19,21.3,22,22.8,1.18,5.1754,3.3104,12692712,296731198.4,9194353880,9194353880
2016/1/13,'000777,中核科技,22.8,24.23,22.8,24.09,24.09,-1.29,-5.3549,2.3904,9165142,215690108.5,8741921120,8741921120
2016/1/12,'000777,中核科技,24.09,24.88,22,22.96,22.96,1.13,4.9216,3.369,12917369,303404315.9,9236529815,9236529815
2016/1/11,'000777,中核科技,22.96,25.1,22.96,25.01,25.51,-2.55,-9.9961,3.039,11651997,278106022,8803267935,8803267935
2016/1/8,'000777,中核科技,25.51,26.66,23.48,26.05,25.48,0.03,0.1177,2.8334,10863599,278563738.8,9780982797,9780982797
2016/1/7,'000777,中核科技,25.48,27.7,25.47,27.7,28.3,-2.82,-9.9647,0.7844,3007674,79307072.99,9769480270,9769480270
2016/1/6,'000777,中核科技,28.3,28.5,27.1,27.1,27.07,1.23,4.5438,3.0507,11697047,325858085.5,10850717882,10850717882
2016/1/5,'000777,中核科技,27.07,28.25,25.52,26.5,28.35,-1.28,-4.515,3.4573,13255895,360258011.5,10379114243,10379114243
2016/1/4,'000777,中核科技,28.35,31.78,28.25,31.5,31.39,-3.04,-9.6846,1.9109,7326537,221612308.1,10869888762,10869888762
2015/12/31,'000777,中核科技,31.39,32.36,31.35,31.73,31.72,-0.33,-1.0404,2.077,7963472,254237930.4,12035478244,12035478244
2015/12/30,'000777,中核科技,31.72,31.94,31.29,31.6,31.58,0.14,0.4433,2.1153,8110434,256688939,12162006050,12162006050
2015/12/29,'000777,中核科技,31.58,32.02,31.02,32.02,32.02,-0.44,-1.3741,2.5713,9858864,309668500.8,12108327587,12108327587
2015/12/28,'000777,中核科技,32.02,33.69,32,32.97,32.68,-0.66,-2.0196,3.9507,15147785,499808169.7,12277031328,12277031328
2015/12/25,'000777,中核科技,32.68,32.8,32.2,32.8,32.49,0.19,0.5848,2.1892,8393771,272854116.6,12530086939,12530086939
2015/12/24,'000777,中核科技,32.49,32.49,31.52,32,32.25,0.24,0.7442,2.4448,9373928,299088658.6,12457237597,12457237597
2015/12/23,'000777,中核科技,32.25,33.3,32.24,33.16,33.09,-0.84,-2.5385,2.9245,11213086,368251475.4,12365217374,12365217374
2015/12/22,'000777,中核科技,33.09,33.29,32.82,33.1,33.05,0.04,0.121,2.2473,8616539,284858473.1,12687288152,12687288152
2015/12/21,'000777,中核科技,33.05,33.19,32.73,32.8,33.05,0,0,2.4894,9544689,314964330.1,12671951449,12671951449
2015/12/18,'000777,中核科技,33.05,33.8,32.83,33.7,34.04,-0.99,-2.9083,4.9201,18864569,626193380.1,12671951449,12671951449
2015/12/17,'000777,中核科技,34.04,34.75,34,34.75,33.71,0.33,0.9789,8.7634,33600553,1154194554,13051534866,13051534866
2015/12/16,'000777,中核科技,33.71,33.96,32.71,33.5,33.16,0.55,1.6586,5.4261,20804570,694656343,12925007060,12925007060
2015/12/15,'000777,中核科技,33.16,33.79,32.7,33,32.81,0.35,1.0667,4.2347,16236637,538630302.9,12714127384,12714127384
2015/12/14,'000777,中核科技,32.81,32.85,30.5,30.55,31.11,1.7,5.4645,4.9566,19004425,614182983.6,12579931226,12579931226
2015/12/11,'000777,中核科技,31.11,31.17,30.5,30.94,30.8,0.31,1.0065,1.8329,7027644,217309278.2,11928121318,11928121318
2015/12/10,'000777,中核科技,30.8,31.38,30.5,31,31.04,-0.24,-0.7732,1.9278,7391519,229005433.9,11809261864,11809261864
2015/12/9,'000777,中核科技,31.04,31.79,30.73,31.08,31.33,-0.29,-0.9256,2.1431,8216867,256303798.9,11901282087,11901282087
2015/12/8,'000777,中核科技,31.33,32.8,31.03,32.8,32.92,-1.59,-4.8299,3.3586,12877571,409435299.8,12012473189,12012473189
2015/12/7,'000777,中核科技,32.92,33.5,32.2,32.2,31.95,0.97,3.036,4.5064,17278499,570544344.7,12622107162,12622107162
2015/12/4,'000777,中核科技,31.95,33.11,31.71,32.45,32.52,-0.57,-1.7528,4.1129,15769637,511618463,12250192096,12250192096
2015/12/3,'000777,中核科技,32.52,32.65,31.02,31.32,31.11,1.41,4.5323,3.6213,13884641,442471617.5,12468740124,12468740124
2015/12/2,'000777,中核科技,31.11,31.58,30,31.53,31.49,-0.38,-1.2067,2.2371,8577364,264856229.1,11928121318,11928121318
2015/12/1,'000777,中核科技,31.49,31.49,30.5,31.48,31.45,0.04,0.1272,3.4073,13064314,404539562.6,12073820004,12073820004
2015/11/30,'000777,中核科技,31.45,32.67,29.02,31.98,32,-0.55,-1.7188,4.5592,17480942,545317710.4,12058483300,12058483300
2015/11/27,'000777,中核科技,32,35.2,31.77,35.2,35.26,-3.26,-9.2456,5.2184,20008203,671322978.9,12269362976,12269362976
2015/11/26,'000777,中核科技,35.26,36.4,35.25,36.2,36.45,-1.19,-3.2647,5.0232,19259986,688631307.9,13519304329,13519304329
2015/11/25,'000777,中核科技,36.45,36.99,34.93,34.96,34.93,1.52,4.3516,7.1259,27322088,982849772.1,13975571265,13975571265
2015/11/24,'000777,中核科技,34.93,35.08,34.3,34.5,34.72,0.21,0.6048,2.4641,9447953,328820622.7,13392776524,13392776524
2015/11/23,'000777,中核科技,34.72,35.88,34.68,35.53,35.54,-0.82,-2.3073,3.9526,15154908,532287607.8,13312258829,13312258829
2015/11/20,'000777,中核科技,35.54,36.08,35.02,35.35,34.98,0.56,1.6009,4.5649,17502726,623160792.5,13626661255,13626661255
2015/11/19,'000777,中核科技,34.98,35.15,34.2,34.2,34.28,0.7,2.042,3.5401,13573436,469847445.1,13411947403,13411947403
2015/11/18,'000777,中核科技,34.28,35.93,34.25,35.82,35.9,-1.62,-4.5125,6.0617,23241744,812698122.6,13143555088,13143555088
2015/11/17,'000777,中核科技,35.9,37.79,35.75,37.03,36.4,-0.5,-1.3736,7.008,26869888,987521466.5,13764691589,13764691589
2015/11/16,'000777,中核科技,36.4,36.68,35.5,36.05,36.47,-0.07,-0.1919,5.0913,19520783,704215110.1,13956400385,13956400385
2015/11/13,'000777,中核科技,36.47,38.55,36.3,37.99,38.45,-1.98,-5.1495,9.721,37271897,1397547785,13983239617,13983239617
2015/11/12,'000777,中核科技,38.45,39.63,35.6,36.52,36.64,1.81,4.94,14.4122,55259056,2056730500,14742406451,14742406451
2015/11/11,'000777,中核科技,36.64,36.85,35.33,35.72,35.7,0.94,2.6331,9.2173,35340605,1279617667,14048420608,14048420608
2015/11/10,'000777,中核科技,35.7,36.65,35.11,35.5,35.88,-0.18,-0.5017,6.7885,26028172,934393902.5,13688008070,13688008070
2015/11/9,'000777,中核科技,35.88,36.5,34.8,35.55,35.86,0.02,0.0558,8.5441,32759490,1172935341,13757023237,13757023237
2015/11/6,'000777,中核科技,35.86,36.27,35.18,35.5,35.5,0.36,1.0141,7.6206,29218773,1044944369,13749354885,13749354885
2015/11/5,'000777,中核科技,35.5,36.98,34.68,35.08,35.02,0.48,1.3706,11.2895,43285871,1544027446,13611324552,13611324552
2015/11/4,'000777,中核科技,35.02,35.24,33.03,33.03,32.81,2.21,6.7358,7.6726,29418168,1008940744,13427284107,13427284107
2015/11/3,'000777,中核科技,32.81,33.7,32.5,33.5,32.89,-0.08,-0.2432,4.7457,18195804,601038662.4,12579931226,12579931226
2015/11/2,'000777,中核科技,32.89,35.58,32.53,34.7,35.67,-2.78,-7.7937,8.2688,31703894,1082500478,12610604634,12610604634
2015/10/30,'000777,中核科技,35.67,36.5,34.5,35.44,35.52,0.15,0.4223,7.6824,29455596,1047465659,13676505542,13676505542
2015/10/29,'000777,中核科技,35.52,36.25,34.18,35.39,35.06,0.46,1.312,9.308,35688572,1265240152,13618992903,13618992903
2015/10/28,'000777,中核科技,35.06,36.96,34.9,35.36,35.8,-0.74,-2.067,8.4463,32384547,1168673734,13442620811,13442620811
2015/10/27,'000777,中核科技,35.8,36.47,34.48,36.4,36.74,-0.94,-2.5585,8.4533,32411348,1152573656,13726349829,13726349829
2015/10/26,'000777,中核科技,36.74,37.8,34.65,36.08,36.03,0.71,1.9706,12.6869,48643656,1755166565,14086762367,14086762367
2015/10/23,'000777,中核科技,36.03,36.78,35.2,36.58,37,-0.97,-2.6216,12.308,47191042,1698539672,13814535876,13814535876
2015/10/22,'000777,中核科技,37,37.98,33.01,35.5,34.79,2.21,6.3524,14.2437,54612907,1924342633,14186450941,14186450941
2015/10/21,'000777,中核科技,34.79,39.14,34.79,38.85,38.65,-3.86,-9.9871,12.2642,47022913,1725412500,13339098061,13339098061
2015/10/20,'000777,中核科技,38.65,38.9,37.06,38.82,38.81,-0.16,-0.4123,10.8623,41648079,1583379771,14819089970,14819089970
2015/10/19,'000777,中核科技,38.81,40.99,37.58,39.38,38,0.81,2.1316,15.6394,59964142,2351490195,14880436784,14880436784
2015/10/16,'000777,中核科技,38,38.42,36.7,37.02,36.7,1.3,3.5422,13.6076,52173998,1965992166,14569868534,14569868534
2015/10/15,'000777,中核科技,36.7,36.81,34.89,35.01,35.88,0.82,2.2854,13.9152,53353304,1921683470,14071425663,14071425663
2015/10/14,'000777,中核科技,35.88,37.59,34,35.3,35.75,0.13,0.3636,21.2676,81543703,2904579907,13757023237,13757023237
2015/10/13,'000777,中核科技,35.75,35.75,31.72,32.38,32.5,3.25,10,21.5638,82679395,2835731816,13707178950,13707178950
2015/10/12,'000777,中核科技,32.5,35.43,32.01,33,32.8,-0.3,-0.9146,20.5672,78858278,2642093170,12461071773,12461071773
2015/10/9,'000777,中核科技,32.8,32.88,31.68,31.7,32.41,0.39,1.2033,12.5357,48064111,1554180316,12576097050,12576097050
2015/10/8,'000777,中核科技,32.41,32.84,30.8,31.51,29.85,2.56,8.5762,13.9869,53628145,1724676819,12426564189,12426564189
2015/9/30,'000777,中核科技,29.85,30.88,28.6,28.6,28.19,1.66,5.8886,9.9119,38003866,1117678726,11445015151,11445015151
2015/9/29,'000777,中核科技,28.19,29.18,27.55,27.98,28.76,-0.57,-1.9819,6.9283,26564409,755652496.9,10808541947,10808541947
2015/9/28,'000777,中核科技,28.76,29.47,28.24,28.24,27.9,0.86,3.0824,6.9661,26709415,766608643.8,11027089975,11027089975
2015/9/25,'000777,中核科技,27.9,30.04,27.53,30,30.59,-2.69,-8.7937,10.9345,41924728,1212080502,10697350845,10697350845
2015/9/24,'000777,中核科技,30.59,30.59,27.3,27.85,27.81,2.78,9.9964,11.4911,44058800,1265116502,11728744170,11728744170
2015/9/23,'000777,中核科技,27.81,28.69,26.5,26.56,27.56,0.25,0.9071,9.0985,34885160,975529558.7,10662843261,10662843261
2015/9/22,'000777,中核科技,27.56,28.45,27.08,28.1,28.1,-0.54,-1.9217,9.046,34683831,958254774.2,10566988863,10566988863
2015/9/21,'000777,中核科技,28.1,28.88,26.64,26.64,26.35,1.75,6.6414,12.3435,47327028,1310866725,10774034363,10774034363
2015/9/18,'000777,中核科技,26.35,26.5,24.5,25.4,24.45,1.9,7.771,13.0573,50063993,1277433689,10103053576,10103053576
2015/9/17,'000777,中核科技,24.45,25.4,23.71,23.94,23.09,1.36,5.89,14.4121,55258715,1370321648,9374560149,9374560149
2015/9/16,'000777,中核科技,23.09,23.09,21.13,21.5,20.99,2.1,10.0048,8.1621,31294989,707235051.8,8853112222,8853112222
2015/9/15,'000777,中核科技,20.99,23.25,20.68,21.3,22.86,-1.87,-8.1802,5.5391,21237983,463365696.4,8047935277,8047935277
2015/9/14,'000777,中核科技,22.86,26.68,22.86,25.9,25.4,-2.54,-10,8.012,30719403,766786998.5,8764926176,8764926176
2015/9/11,'000777,中核科技,25.4,25.89,24.67,25,25.87,-0.47,-1.8168,8.3994,32204649,816402809.6,9738806862,9738806862
2015/9/10,'000777,中核科技,25.87,26.07,23.01,23.2,23.7,2.17,9.1561,11.5948,44456439,1124228923,9919013131,9919013131
2015/9/9,'000777,中核科技,23.7,24.01,22.6,23.03,22.56,1.14,5.0532,6.0894,23347994,546857284.7,9086996954,9086996954
2015/9/8,'000777,中核科技,22.56,22.56,20,20.01,20.51,2.05,9.9951,4.6365,17777348,380546539.2,8649900898,8649900898
2015/9/7,'000777,中核科技,20.51,21.5,20.22,20.66,20.01,0.5,2.4988,3.5951,13784289,287884070,7863894832,7863894832
2015/9/2,'000777,中核科技,20.01,22.6,19.63,19.63,21.62,-1.61,-7.4468,3.9089,14987405,310577868.9,7672186036,7672186036
2015/9/1,'000777,中核科技,21.62,23.56,21.62,23.3,24.02,-2.4,-9.9917,4.6332,17764366,393724469.6,8289488361,8289488361
2015/8/31,'000777,中核科技,24.02,25.5,23.9,24.31,24.13,-0.11,-0.4559,6.3968,24526460,603162494.9,9209690584,9209690584
2015/8/28,'000777,中核科技,24.13,24.13,22.16,22.6,21.94,2.19,9.9818,6.2266,23873881,554011639.2,9251866519,9251866519
2015/8/27,'000777,中核科技,21.94,21.99,19.6,21.2,20.8,1.14,5.4808,4.7257,18119071,386377221.1,8412181990,8412181990
2015/8/26,'000777,中核科技,20.8,23.98,20.66,23,22.96,-2.16,-9.4077,5.723,21943001,491282373.9,7975085934,7975085934
2015/8/25,'000777,中核科技,22.96,23.7,22.96,22.96,25.51,-2.55,-9.9961,3.1567,12103215,280019415.1,8803267935,8803267935
2015/8/24,'000777,中核科技,25.51,27.25,25.51,27.2,28.34,-2.83,-9.9859,2.9378,11264191,291512270.9,9780982797,9780982797
2015/8/21,'000777,中核科技,28.34,30.06,27.09,28.5,29.2,-0.86,-2.9452,4.5779,17552653,507701502.6,10866054586,10866054586
2015/8/20,'000777,中核科技,29.2,31.29,29,30.75,31.78,-2.58,-8.1183,4.3272,16591352,505746029,11195793716,11195793716
2015/8/19,'000777,中核科技,31.78,32.49,28.29,29.45,31.43,0.35,1.1136,6.3717,24430248,735663440.3,12185011106,12185011106
2015/8/18,'000777,中核科技,31.43,35.22,31.43,34.98,34.92,-3.49,-9.9943,8.7617,33594003,1100269692,12050814948,12050814948
2015/8/17,'000777,中核科技,34.92,35.67,33.8,34.89,35.43,-0.51,-1.4395,6.493,24895199,862311910.5,13388942348,13388942348
2015/8/14,'000777,中核科技,35.43,37.38,34.8,36.04,35.2,0.23,0.6534,9.324,35749837,1293875155,13584485320,13584485320
2015/8/13,'000777,中核科技,35.2,35.5,33.52,33.89,34.09,1.11,3.2561,7.5001,28756726,997179328.5,13496299274,13496299274
2015/8/12,'000777,中核科技,34.09,36.02,33.95,34.43,35.05,-0.96,-2.7389,9.2449,35446704,1233814174,13070705745,13070705745
2015/8/11,'000777,中核科技,35.05,37.33,34.51,35,33.94,1.11,3.2705,17.4529,66917565,2406715734,13438786635,13438786635
2015/8/10,'000777,中核科技,33.94,33.94,31.7,33.15,30.85,3.09,10.0162,9.0832,34826491,1155655912,13013193106,13013193106
2015/8/7,'000777,中核科技,30.85,31.3,29.37,30.02,29.98,0.87,2.9019,11.706,44882693,1370672801,11828432744,11828432744
2015/8/6,'000777,中核科技,29.98,30.58,26.81,27,27.8,2.18,7.8417,12.5101,47966078,1419120355,11494859438,11494859438
2015/8/5,'000777,中核科技,27.8,28.5,26.7,27.87,27.63,0.17,0.6153,5.9086,22654555,627556964.6,10659009085,10659009085
2015/8/4,'000777,中核科技,27.63,27.68,25.5,25.5,25.36,2.27,8.9511,4.9362,18926390,504784994.9,10593828095,10593828095
2015/8/3,'000777,中核科技,25.36,28.36,25.36,27.5,28.18,-2.82,-10.0071,5.015,19228536,510311473.8,9723470158,9723470158
2015/7/31,'000777,中核科技,28.18,29.7,27.2,28.77,29.35,-1.17,-3.9864,6.5887,25262287,717280890.1,10804707771,10804707771
2015/7/30,'000777,中核科技,29.35,30.34,26.98,27.62,27.58,1.77,6.4177,10.9859,42121834,1238375426,11253306355,11253306355
2015/7/29,'000777,中核科技,27.58,27.64,24.69,25.7,25.2,2.38,9.4444,4.5633,17496531,453227387.4,10574657215,10574657215
2015/7/28,'000777,中核科技,25.2,27.66,24.4,26.4,27.11,-1.91,-7.0454,5.5937,21447134,545394144.2,9662123344,9662123344
2015/7/27,'000777,中核科技,27.11,30.6,27.11,29,30.12,-3.01,-9.9934,5.2016,19943984,577362586.9,10394450946,10394450946
2015/7/24,'000777,中核科技,30.12,31.57,29.8,31.06,31.05,-0.93,-2.9952,7.604,29155193,895817703.5,11548537901,11548537901
2015/7/23,'000777,中核科技,31.05,31.75,29.56,29.89,29.85,1.2,4.0201,7.3744,28274564,867698947.7,11905116263,11905116263
2015/7/22,'000777,中核科技,29.85,30.26,28.66,29.49,29.84,0.01,0.0335,6.0566,23221928,688531671.6,11445015151,11445015151
2015/7/21,'000777,中核科技,29.84,30.48,27.9,28.5,29.05,0.79,2.7194,6.9463,26633185,783584309.4,11441180975,11441180975
2015/7/20,'000777,中核科技,29.05,30,28,28.48,28.01,1.04,3.713,7.1919,27574928,801255677.4,11138281077,11138281077
2015/7/17,'000777,中核科技,28.01,28.32,26,26,25.79,2.22,8.608,5.941,22779027,624247349.2,10739526780,10739526780
2015/7/16,'000777,中核科技,25.79,26.68,22.71,25.02,25.02,0.77,3.0775,5.6069,21497973,548613567,9888339723,9888339723
2015/7/15,'000777,中核科技,25.02,27.1,25.02,26.9,27.8,-2.78,-10,5.9721,22897903,587508997.5,9593108177,9593108177
2015/7/14,'000777,中核科技,27.8,28.67,26.48,27.24,26.09,1.71,6.5542,11.0589,42401635,1170193616,10659009085,10659009085
2015/7/13,'000777,中核科技,26.09,26.09,24.71,26,23.72,2.37,9.9916,6.8684,26334477,678668556.4,10003365001,10003365001
2015/7/10,'000777,中核科技,23.72,23.72,22.5,22.69,21.56,2.16,10.0186,3.9153,15011890,351376616.9,9094665306,9094665306
2015/7/9,'000777,中核科技,21.56,21.56,18.3,18.3,19.6,1.96,10,5.7468,22034265,455427058.6,8266483305,8266483305
2015/7/8,'000777,中核科技,19.6,20.5,19.6,19.6,21.78,-2.18,-10.0092,12.8297,49191379,970940974.7,7514984823,7514984823
2015/7/7,'000777,中核科技,21.78,23.08,21.78,23.08,24.2,-2.42,-10,2.7817,10665419,236535632.6,8350835176,8350835176
2015/7/6,'000777,中核科技,24.2,27.64,22.63,27.64,25.14,-0.94,-3.7391,6.8522,26272706,652926012.3,9278705751,9278705751
2015/7/3,'000777,中核科技,25.14,28.58,25.14,26.62,27.93,-2.79,-9.9893,5.2079,19967999,519482409.3,9639118288,9639118288
2015/7/2,'000777,中核科技,27.93,31.2,27.93,30.9,31.03,-3.1,-9.9903,5.2342,20069017,586248605,10708853373,10708853373
2015/7/1,'000777,中核科技,31.03,35.49,30.31,32.75,32.85,-1.82,-5.5403,7.2778,27904242,926579883,11897447911,11897447911
2015/6/30,'000777,中核科技,32.85,33.17,27.31,29.76,30.34,2.51,8.2729,7.6225,29225974,868414213.1,12595267930,12595267930
2015/6/29,'000777,中核科技,30.34,35.25,30.34,35,33.71,-3.37,-9.997,5.7506,22048704,698090717.6,11632889772,11632889772
2015/6/26,'000777,中核科技,33.71,36,33.71,36,37.45,-3.74,-9.9866,4.136,15858054,550863395.8,12925007060,12925007060
2015/6/25,'000777,中核科技,37.5,40.41,36.37,39.68,39.78,-2.28,-5.7315,4.7825,18337002,720324634.5,14378159738,14378159738
2015/6/24,'000777,中核科技,39.78,40.39,38.83,39.46,38.69,1.09,2.8173,5.3512,20517487,814412712,15252351850,15252351850
2015/6/23,'000777,中核科技,38.69,38.94,34.78,38,38.36,0.33,0.8603,5.0887,19511133,727124489.2,14834426673,14834426673
2015/6/19,'000777,中核科技,38.36,41.7,38.36,41.7,42.62,-4.26,-9.9953,4.6172,17703326,703482823.8,14707898868,14707898868
2015/6/18,'000777,中核科技,42.62,45.36,42.5,45.36,45.36,-2.74,-6.0406,4.2191,16176646,708635900.1,16341257814,16341257814
2015/6/17,'000777,中核科技,45.36,46.55,42,45.66,45.66,-0.3,-0.657,7.0141,26893393,1183784531,17391822019,17391822019
2015/6/16,'000777,中核科技,45.66,47.87,45,47.01,46.03,-0.37,-0.8038,6.6761,25597303,1203221182,17506847296,17506847296
2015/6/15,'000777,中核科技,46.03,48.05,46,47.61,47.6,-1.57,-3.2983,5.8102,22277214,1043643928,17648711806,17648711806
2015/6/12,'000777,中核科技,47.6,48.29,47.03,47.76,47.7,-0.1,-0.2096,5.6448,21643074,1029419710,18250677427,18250677427
2015/6/11,'000777,中核科技,47.7,48.8,47.1,48.8,49.23,-1.53,-3.1079,8.1823,31372374,1494609540,18289019186,18289019186
2015/6/10,'000777,中核科技,49.23,51.92,49,51,53.6,-4.37,-8.153,12.4918,47895572,2390001843,18875648103,18875648103
2015/6/9,'000777,中核科技,53.6,54.1,49.8,49.8,49.25,4.35,8.8325,14.7995,56743768,2943229029,20551182985,20551182985
2015/6/8,'000777,中核科技,49.25,50.33,47.53,49.47,49.46,-0.21,-0.4246,7.4184,28443434,1394344109,18883316455,18883316455
2015/6/5,'000777,中核科技,49.46,50.33,48.48,49.79,49.31,0.15,0.3042,7.5041,28772148,1422519386,18963834150,18963834150
2015/6/4,'000777,中核科技,49.31,49.88,44.45,48.56,48.48,0.83,1.712,6.2504,23964970,1155259779,18906321511,18906321511
2015/6/3,'000777,中核科技,48.48,50.81,47,50.8,50.93,-2.45,-4.8105,8.2488,31627394,1544313657,18588084909,18588084909
2015/6/2,'000777,中核科技,50.93,53.95,49.22,52.02,51.26,-0.33,-0.6438,11.1579,42781307,2208120378,19527458012,19527458012
2015/6/1,'000777,中核科技,51.26,51.26,47.52,47.52,46.6,4.66,10,10.7611,41259787,2057142810,19653985817,19653985817
2015/5/29,'000777,中核科技,46.6,48.45,43.28,47,47.52,-0.92,-1.936,9.3002,35658726,1654424917,17867259834,17867259834
2015/5/28,'000777,中核科技,47.52,53.63,47.52,52.8,52.8,-5.28,-10,13.2395,50762578,2569310769,18220004019,18220004019
2015/5/27,'000777,中核科技,52.8,54.97,50.61,53.02,52.88,-0.08,-0.1513,14.1846,54386316,2895540210,20244448910,20244448910
2015/5/26,'000777,中核科技,52.88,53.19,48.3,48.98,48.77,4.11,8.4273,16.3152,62555373,3208493428,20275122318,20275122318
2015/5/25,'000777,中核科技,48.77,49,46.39,47.28,47.28,1.49,3.1514,14.1125,54109848,2606270086,18699276011,18699276011
2015/5/22,'000777,中核科技,47.28,48.5,46.01,48.21,47.8,-0.52,-1.0879,14.3788,55130926,2603174068,18127983797,18127983797
2015/5/21,'000777,中核科技,47.8,48.77,43.41,44.11,44.5,3.3,7.4157,11.8821,45558123,2067949843,18327360945,18327360945
2015/5/20,'000777,中核科技,44.5,45.5,43.24,43.24,43.2,1.3,3.0093,8.8097,33777774,1502002508,17062082889,17062082889
2015/5/19,'000777,中核科技,43.2,43.49,42.11,42.84,42.91,0.29,0.6758,5.7206,21933953,939372328.6,16563640018,16563640018
2015/5/18,'000777,中核科技,42.91,44,42.28,42.7,43.19,-0.28,-0.6483,5.1779,19853110,862172752.9,16452448916,16452448916
2015/5/15,'000777,中核科技,43.19,44.27,42.68,44.27,44.93,-1.74,-3.8727,6.3377,24299983,1050518856,16559805842,16559805842
2015/5/14,'000777,中核科技,44.93,46.25,43.7,44.07,44.07,0.86,1.9514,9.7454,37365562,1676636170,17226952454,17226952454
2015/5/13,'000777,中核科技,44.07,46.8,43.63,46.8,46.4,-2.33,-5.0216,10.5046,40276448,1809544576,16897213324,16897213324
2015/5/12,'000777,中核科技,46.4,47.61,44.44,44.5,44.37,2.03,4.5752,15.6403,59967748,2772948713,17790576315,17790576315
2015/5/11,'000777,中核科技,44.37,44.97,41.5,42.2,41.26,3.11,7.5376,9.6247,36902771,1580991369,17012238601,17012238601
2015/5/8,'000777,中核科技,41.26,41.36,40.35,40.62,40.3,0.96,2.3821,4.3213,16568675,676500450,15819809887,15819809887
2015/5/7,'000777,中核科技,40.3,41.99,40.22,40.66,39.99,0.31,0.7752,5.1155,19613886,806012806.7,15451728998,15451728998
2015/5/6,'000777,中核科技,39.99,41.7,39.57,41.01,41.1,-1.11,-2.7007,5.144,19723020,801661055.9,15332869544,15332869544
2015/5/5,'000777,中核科技,41.1,43.15,41,41.7,41.66,-0.56,-1.3442,5.8601,22468670,947017975.6,15758463072,15758463072
2015/5/4,'000777,中核科技,41.66,42.5,41.18,42.5,42.71,-1.05,-2.4584,4.6398,17789739,741339180.5,15973176924,15973176924
2015/4/30,'000777,中核科技,42.71,43.5,41.99,42.21,41.95,0.76,1.8117,6.09,23350228,997757035.8,16375765397,16375765397
2015/4/29,'000777,中核科技,41.95,42.5,40.86,41,41.55,0.4,0.9627,5.1798,19860182,832954538.2,16084368026,16084368026
2015/4/28,'000777,中核科技,41.55,43.85,41.25,43.83,43.82,-2.27,-5.1803,8.41,32245353,1359731598,15931000989,15931000989
2015/4/27,'000777,中核科技,43.82,44.18,42.99,43.55,43.16,0.66,1.5292,7.4804,28681188,1251631607,16801358925,16801358925
2015/4/24,'000777,中核科技,43.16,43.9,42.55,43.5,44.6,-1.44,-3.2287,9.0831,34826150,1506164366,16548303314,16548303314
2015/4/23,'000777,中核科技,44.6,47.63,43.88,46.81,46.01,-1.41,-3.0646,14.1591,54288532,2494190944,17100424648,17100424648
2015/4/22,'000777,中核科技,46.01,48.5,45.5,46.59,44.87,1.14,2.5407,13.7601,52758619,2460116439,17641043454,17641043454
2015/4/21,'000777,中核科技,44.87,45.8,43.6,45.41,45.93,-1.06,-2.3079,9.6181,36877315,1640609030,17203947398,17203947398
2015/4/20,'000777,中核科技,45.93,46.7,41.89,43.01,44.4,1.53,3.4459,18.9104,72505654,3187123711,17610370047,17610370047
2015/4/17,'000777,中核科技,44.4,47.69,44.36,46.5,43.35,1.05,2.4221,27.128,104013529,4830712558,17023741129,17023741129
2015/4/16,'000777,中核科技,43.35,43.35,40,40.2,39.41,3.94,9.9975,18.5184,71002804,3009442752,16621152657,16621152657
2015/4/15,'000777,中核科技,39.41,41.42,39.2,41.42,41.38,-1.97,-4.7608,9.9773,38254570,1536701681,15110487340,15110487340
2015/4/14,'000777,中核科技,41.38,41.98,38.44,38.49,38.5,2.88,7.4805,15.6085,59845612,2413999393,15865819998,15865819998
2015/4/13,'000777,中核科技,38.5,38.88,37.77,38.88,38.59,-0.09,-0.2332,7.0856,27167489,1042436261,14761577331,14761577331
2015/4/10,'000777,中核科技,38.59,38.85,37.5,37.7,38.11,0.48,1.2595,6.3392,24305671,932892845.9,14796084914,14796084914
2015/4/9,'000777,中核科技,38.11,39.77,36.8,39.6,39.06,-0.95,-2.4322,9.1898,35235405,1336521801,14612044469,14612044469
2015/4/8,'000777,中核科技,39.06,41.98,38,40.75,40.47,-1.41,-3.4841,12.9378,49605733,1981705273,14976291183,14976291183
2015/4/7,'000777,中核科技,40.47,41.93,38.36,39.1,38.84,1.63,4.1967,14.7586,56587015,2283664944,15516909989,15516909989
2015/4/3,'000777,中核科技,38.84,39.35,36.91,37.05,37.64,1.2,3.1881,15.0606,57745082,2194055416,14891939312,14891939312
2015/4/2,'000777,中核科技,37.64,38.75,35.4,35.4,35.39,2.25,6.3577,16.9375,64941169,2415338406,14431838201,14431838201
2015/4/1,'000777,中核科技,35.39,35.79,35.06,35.06,35.17,0.22,0.6255,6.5786,25223555,893255565.2,13569148616,13569148616
2015/3/31,'000777,中核科技,35.17,36,35.06,36,36.16,-0.99,-2.7378,9.3189,35730439,1265188956,13484796746,13484796746
2015/3/30,'000777,中核科技,36.16,36.66,34.45,34.45,34.25,1.91,5.5766,15.878,60879130,2182644995,13864380163,13864380163
2015/3/27,'000777,中核科技,34.25,34.86,34.09,34.7,34.58,-0.33,-0.9543,3.8345,14702047,504732439.6,13132052560,13132052560
2015/3/26,'000777,中核科技,34.58,34.88,33.63,34.13,34.31,0.27,0.7869,5.8206,22317084,769015696.4,13258580366,13258580366
2015/3/25,'000777,中核科技,34.31,34.7,34.06,34.55,34.87,-0.56,-1.606,6.0735,23286750,798450168.7,13155057616,13155057616
2015/3/24,'000777,中核科技,34.87,35.89,33.81,35.44,35.1,-0.23,-0.6553,9.8587,37799925,1324524588,13369771468,13369771468
2015/3/23,'000777,中核科技,35.1,35.11,34.37,34.8,34.6,0.5,1.4451,7.9153,30348801,1054341657,13457957514,13457957514
2015/3/20,'000777,中核科技,34.6,35.47,34.5,35.4,35.21,-0.61,-1.7325,8.614,33027614,1148213239,13266248718,13266248718
2015/3/19,'000777,中核科技,35.21,35.9,34.27,34.69,34.76,0.45,1.2946,11.78,45166693,1585950362,13500133450,13500133450
2015/3/18,'000777,中核科技,34.76,35,33.7,34.04,34.05,0.71,2.0852,8.5538,32796929,1125224730,13327595533,13327595533
2015/3/17,'000777,中核科技,34.05,34.48,33.42,33.69,33.61,0.44,1.3091,7.8174,29973214,1018173212,13055369042,13055369042
2015/3/16,'000777,中核科技,33.61,33.64,33.05,33.05,33.03,0.58,1.756,4.4007,16873239,563881725.3,12886665301,12886665301
2015/3/13,'000777,中核科技,33.03,33.4,32.7,33.19,33.22,-0.19,-0.5719,3.5653,13670163,450989221.6,12664283097,12664283097
2015/3/12,'000777,中核科技,33.22,34.1,32.96,33.4,33.23,-0.01,-0.0301,3.4976,13410596,447898786.5,12737132440,12737132440
2015/3/11,'000777,中核科技,33.23,34.4,33.12,34.39,33.88,-0.65,-1.9185,4.0024,15345866,517330186.1,12740966615,12740966615
2015/3/10,'000777,中核科技,33.88,34.37,33.07,33.61,33.7,0.18,0.5341,4.3121,16533450,559384621.2,12990188051,12990188051
2015/3/9,'000777,中核科技,33.7,33.7,32.39,33.28,33.38,0.32,0.9587,3.2547,12479204,411344696,12921172884,12921172884
2015/3/6,'000777,中核科技,33.38,34.19,33.23,33.4,33.55,-0.17,-0.5067,3.2481,12453739,419055022.5,12798479254,12798479254
2015/3/5,'000777,中核科技,33.55,34.8,33.48,34.8,34.91,-1.36,-3.8957,6.4734,24820271,838007058.8,12863660245,12863660245
2015/3/4,'000777,中核科技,34.91,36.45,34.4,36,35,-0.09,-0.2571,8.0747,30959867,1088428224,13385108172,13385108172
2015/3/3,'000777,中核科技,35,36.6,33.7,34.03,34,1,2.9412,12.6384,48457861,1698962793,13419615755,13419615755
2015/3/2,'000777,中核科技,34,34,32.9,33.52,33.12,0.88,2.657,7.0218,26922990,903389045,13036198162,13036198162
2015/2/27,'000777,中核科技,33.12,33.94,32.88,33.01,33,0.12,0.3636,6.2324,23896212,796934929.2,12698790680,12698790680
2015/2/26,'000777,中核科技,33,33,32.17,32.23,32.22,0.78,2.4209,4.5371,17396157,568915323.6,12652780569,12652780569
2015/2/25,'000777,中核科技,32.22,32.78,32.01,32.7,32.5,-0.28,-0.8615,2.7057,10374309,335300651.7,12353714847,12353714847
2015/2/17,'000777,中核科技,32.5,32.95,32.35,32.82,32.81,-0.31,-0.9448,3.7046,14204259,462513537.8,12461071773,12461071773
2015/2/16,'000777,中核科技,32.81,33.05,32.54,33,32.89,-0.08,-0.2432,4.1456,15895049,521738851.8,12579931226,12579931226
2015/2/13,'000777,中核科技,32.89,33,32.02,32.47,32.39,0.5,1.5437,5.8464,22416089,730552118.8,12610604634,12610604634
2015/2/12,'000777,中核科技,32.39,32.7,31.57,31.96,31.95,0.44,1.3772,4.4037,16884567,544280841.6,12418895837,12418895837
2015/2/11,'000777,中核科技,31.95,32.45,31.74,32.01,31.76,0.19,0.5982,3.2096,12306163,394438166.4,12250192096,12250192096
2015/2/10,'000777,中核科技,31.76,31.88,30.81,30.9,31.12,0.64,2.0566,3.3779,12951455,406953858.9,12177342754,12177342754
2015/2/9,'000777,中核科技,31.12,33.08,30.98,32.52,32.51,-1.39,-4.2756,5.6215,21553730,678457266.4,11931955494,11931955494
2015/2/6,'000777,中核科技,32.51,33.41,32,32.03,32.03,0.48,1.4986,7.0248,26934321,881275629.7,12464905948,12464905948
2015/2/5,'000777,中核科技,32.03,33.5,31.6,33.5,32.53,-0.5,-1.537,6.2175,23838876,773513172.5,12280865504,12280865504
2015/2/4,'000777,中核科技,32.53,33.86,32.38,32.45,32.37,0.16,0.4943,6.1778,23686876,784003474.2,12472574300,12472574300
2015/2/3,'000777,中核科技,32.37,32.6,31.6,31.6,31.45,0.92,2.9253,4.4632,17112808,550767547,12411227485,12411227485
2015/2/2,'000777,中核科技,31.45,32.39,31.05,32,33.02,-1.57,-4.7547,6.075,23292584,738814002.2,12058483300,12058483300
2015/1/30,'000777,中核科技,33.02,35.82,33,35.66,35.5,-2.48,-6.9859,10.2188,39180653,1336157661,12660448921,12660448921
2015/1/29,'000777,中核科技,35.5,36.48,35.01,35.61,35.05,0.45,1.2839,13.547,51941761,1858590213,13611324552,13611324552
2015/1/28,'000777,中核科技,35.05,35.84,34.52,35.48,36.28,-1.23,-3.3903,11.055,42386809,1484826523,13438786635,13438786635
2015/1/27,'000777,中核科技,36.28,36.8,33.5,33.99,33.45,2.83,8.4604,20.3051,77853226,2740339031,13910390274,13910390274
2015/1/26,'000777,中核科技,33.45,34.15,32.31,32.41,32.27,1.18,3.6566,11.6365,44616436,1486256510,12825318486,12825318486
2015/1/23,'000777,中核科技,32.27,33.99,31.49,32.19,31.98,0.29,0.9068,13.2746,50897026,1666069848,12372885726,12372885726
2015/1/22,'000777,中核科技,31.98,32.5,30.84,31.68,31.36,0.62,1.977,8.3746,32109698,1016078586,12261694624,12261694624
2015/1/21,'000777,中核科技,31.36,31.5,30,30.56,30.01,1.35,4.4985,7.2137,27658742,849953273.4,12023975717,12023975717
2015/1/20,'000777,中核科技,30.01,30.3,28.98,28.98,29.15,0.86,2.9503,4.8361,18542542,554000180.1,11506361966,11506361966
2015/1/19,'000777,中核科技,29.15,30.74,28.5,29,31.15,-2,-6.4205,7.3969,28361108,841108780.3,11176622836,11176622836
2015/1/16,'000777,中核科技,31.15,33.2,31.01,32.68,30.72,0.43,1.3997,13.1079,50258105,1614245347,11943458022,11943458022
2015/1/15,'000777,中核科技,30.72,31,30.1,30.86,31.08,-0.36,-1.1583,5.2336,20066734,613811561.6,11778588457,11778588457
2015/1/14,'000777,中核科技,31.08,31.46,29.1,30.2,29.97,1.11,3.7037,8.1423,31218917,950393470.4,11916618790,11916618790
2015/1/13,'000777,中核科技,29.97,29.97,28.52,28.52,28.81,1.16,4.0264,6.0052,23024837,679164100.1,11491025262,11491025262
2015/1/12,'000777,中核科技,28.81,29.95,28.68,29.86,30.3,-1.49,-4.9175,5.6149,21528599,628289488.4,11046260854,11046260854
2015/1/9,'000777,中核科技,30.3,31.2,30.1,30.4,31.19,-0.89,-2.8535,7.0247,26934023,822007428.8,11617553068,11617553068
2015/1/8,'000777,中核科技,31.19,33.15,30,30.83,30.83,0.36,1.1677,15.8327,60705207,1925587161,11958794726,11958794726
2015/1/7,'000777,中核科技,30.83,31.3,28.5,28.5,28.5,2.33,8.1754,14.8295,56859029,1731119386,11820764392,11820764392
2015/1/6,'000777,中核科技,28.5,28.87,27.28,27.57,27.88,0.62,2.2238,6.225,23867602,677212141.8,10927401401,10927401401
2015/1/5,'000777,中核科技,27.88,28.21,27.11,28.02,28.34,-0.46,-1.6231,4.6871,17971191,499846169.9,10689682493,10689682493
2014/12/31,'000777,中核科技,28.34,29.1,26.7,27.24,27.25,1.09,4,7.4147,28429192,807846413.4,10866054586,10866054586
2014/12/30,'000777,中核科技,27.25,28.16,27.05,28.16,28.1,-0.85,-3.0249,3.573,13699655,376337748,10448129409,10448129409
2014/12/29,'000777,中核科技,28.1,28.29,27.38,28.29,27.92,0.18,0.6447,5.7815,22167432,618941389.5,10774034363,10774034363
2014/12/26,'000777,中核科技,27.92,28.26,27.2,28,28.1,-0.18,-0.6406,6.5102,24961089,691208844,10705019197,10705019197
2014/12/25,'000777,中核科技,28.1,28.2,26.51,26.9,26.7,1.4,5.2434,4.9681,19048585,520690014.8,10774034363,10774034363
2014/12/24,'000777,中核科技,26.7,27.02,26.01,26.39,26.39,0.31,1.1747,4.2602,16334444,432797716.4,10237249733,10237249733
2014/12/23,'000777,中核科技,26.39,28.27,26.37,28,29.3,-2.91,-9.9317,8.8391,33890713,922752274.3,10118390279,10118390279
2014/12/22,'000777,中核科技,29.3,32.25,28.8,31.33,31.33,-2.03,-6.4794,8.0784,30974136,943922170.4,11234135475,11234135475
2014/12/19,'000777,中核科技,31.33,31.85,30.55,31.5,32.22,-0.89,-2.7623,8.5802,32898117,1029315806,12012473189,12012473189
2014/12/18,'000777,中核科技,32.22,32.87,30.68,30.95,30.35,1.87,6.1614,13.5052,51781212,1645794025,12353714847,12353714847
2014/12/17,'000777,中核科技,30.35,32,30,31.78,31.35,-1,-3.1898,7.5694,29022300,894342914.3,11636723948,11636723948
2014/12/16,'000777,中核科技,31.35,32.32,30.55,30.95,30.95,0.4,1.2924,8.7119,33402878,1054910104,12020141541,12020141541
2014/12/15,'000777,中核科技,30.95,31.49,28.88,30.1,30.3,0.65,2.1452,7.0458,27014694,830248426.9,11866774503,11866774503
2014/12/12,'000777,中核科技,30.3,30.89,30,30.15,29.38,0.92,3.1314,7.1847,27547545,837565640.7,11617553068,11617553068
2014/12/11,'000777,中核科技,29.38,30.45,29.01,29.79,30.08,-0.7,-2.3271,6.208,23802732,703045005.9,11264808882,11264808882
2014/12/10,'000777,中核科技,30.08,30.68,28,29,29.79,0.29,0.9735,9.2153,35333037,1037585596,11533201197,11533201197
2014/12/9,'000777,中核科技,29.79,32.79,29.79,32.2,33.1,-3.31,-10,12.9609,49694361,1565035316,11422010096,11422010096
2014/12/8,'000777,中核科技,33.1,34.44,30.72,31.9,32.9,0.2,0.6079,14.617,56043960,1842021560,12691122328,12691122328
2014/12/5,'000777,中核科技,32.9,34.68,31.3,34,32.71,0.19,0.5809,20.1278,77173352,2577257051,12614438810,12614438810
2014/12/4,'000777,中核科技,32.71,33.3,29.82,30.61,30.6,2.11,6.8954,16.9394,64948666,2054731977,12541589467,12541589467
2014/12/3,'000777,中核科技,30.6,30.98,29.38,30.32,30.01,0.59,1.966,12.0921,46363237,1397385243,11732578346,11732578346
2014/12/2,'000777,中核科技,30.01,30.5,28.86,28.86,28.72,1.29,4.4916,11.9422,45788486,1365256424,11506361966,11506361966
2014/12/1,'000777,中核科技,28.72,29.48,28.28,29.18,29.52,-0.8,-2.71,7.8584,30130414,864931779.8,11011753271,11011753271
2014/11/28,'000777,中核科技,29.52,30,28.5,30,30.2,-0.68,-2.2517,11.5101,44131646,1287584483,11318487345,11318487345
2014/11/27,'000777,中核科技,30.2,31.29,29.5,30.01,29.96,0.24,0.8011,11.2313,43062852,1306463220,11579211309,11579211309
2014/11/26,'000777,中核科技,29.96,30.46,29.35,29.68,30.37,-0.41,-1.35,10.4424,40038159,1191321540,11487191086,11487191086
2014/11/25,'000777,中核科技,30.37,32.15,30.12,30.8,29.95,0.42,1.4023,14.676,56270237,1755303538,11644392299,11644392299
2014/11/24,'000777,中核科技,29.95,30.61,28.97,30.3,30.25,-0.3,-0.9917,11.1804,42867686,1278026514,11483356910,11483356910
2014/11/21,'000777,中核科技,30.25,30.99,29.7,30.01,30.42,-0.17,-0.5588,11.2572,43162050,1304674424,11598382188,11598382188
2014/11/20,'000777,中核科技,30.42,31.86,28.57,28.6,29.04,1.38,4.7521,16.5259,63363348,1940666039,11663563179,11663563179
2014/11/19,'000777,中核科技,29.04,30.4,28.8,30.39,30.72,-1.68,-5.4688,15.0237,57603684,1693188687,11134446901,11134446901
2014/11/18,'000777,中核科技,30.72,30.72,27.33,27.59,27.93,2.79,9.9893,19.1775,73530076,2163600705,11778588457,11778588457
2014/11/17,'000777,中核科技,27.93,28.2,25.64,26.07,25.69,2.24,8.7193,16.3971,62869302,1727096137,10708853373,10708853373
2014/11/14,'000777,中核科技,25.69,26.4,24.64,24.71,25.06,0.63,2.514,11.8403,45397708,1165877151,9849997964,9849997964
2014/11/13,'000777,中核科技,25.06,26.69,25.02,26.66,26.99,-1.93,-7.1508,13.7058,52550602,1348909982,9608444881,9608444881
2014/11/12,'000777,中核科技,26.99,27.46,26,26.88,27.56,-0.57,-2.0682,12.5553,48139081,1286495416,10348440835,10348440835
2014/11/11,'000777,中核科技,27.56,28.48,25.82,28,27.28,0.28,1.0264,21.1901,81246688,2205372746,10566988863,10566988863
2014/11/10,'000777,中核科技,27.28,27.28,24.34,24.85,24.8,2.48,10,15.896,60948249,1593157363,10459631937,10459631937
2014/11/7,'000777,中核科技,24.8,25.75,23.27,24.28,23.74,1.06,4.465,18.6772,71611732,1757929191,9508756306,9508756306
2014/11/6,'000777,中核科技,23.74,23.74,21.23,21.4,21.58,2.16,10.0093,16.1563,61945908,1408759803,9102333658,9102333658
2014/11/5,'000777,中核科技,21.58,22.57,20.8,21.4,21.79,-0.21,-0.9637,11.303,43337565,942146076.3,8274151657,8274151657
2014/11/4,'000777,中核科技,21.79,22.35,19.67,20.1,20.32,1.47,7.2343,15.2732,58560114,1238382506,8354669351,8354669351
2014/11/3,'000777,中核科技,20.32,21.4,20.08,20.75,20.07,0.25,1.2456,9.2675,35533285,729933829.2,7791045490,7791045490
2014/10/31,'000777,中核科技,20.07,20.6,19.71,20.44,20.15,-0.08,-0.397,8.1701,31325627,629904992.8,7695191092,7695191092
2014/10/30,'000777,中核科技,20.15,20.77,19.98,20.07,20.4,-0.25,-1.2255,12.4919,47896232,969140156.4,7725864499,7725864499
2014/10/29,'000777,中核科技,20.4,20.85,19.16,19.16,18.98,1.42,7.4816,21.4112,82094468,1648431711,7821718897,7821718897
2014/10/28,'000777,中核科技,18.98,18.98,17.59,17.67,17.25,1.73,10.029,10.1734,39006626,730432182.8,7277265915,7277265915
2014/10/27,'000777,中核科技,17.25,17.47,17.1,17.28,17.16,0.09,0.5245,2.1485,8237784,142439099.9,6613953479,6613953479
2014/10/24,'000777,中核科技,17.16,17.29,16.77,16.77,16.72,0.44,2.6316,2.6067,9994721,170621968.4,6579445896,6579445896
2014/10/23,'000777,中核科技,16.72,16.99,16.48,16.8,16.98,-0.26,-1.5312,2.549,9773505,163442683.6,6410742155,6410742155
2014/10/22,'000777,中核科技,16.98,17.6,16.96,17.46,17.49,-0.51,-2.916,2.7473,10533730,181986740.7,6510430729,6510430729
2014/10/21,'000777,中核科技,17.49,17.97,17.43,17.82,17.87,-0.38,-2.1265,2.3241,8910915,157666742.3,6705973702,6705973702
2014/10/20,'000777,中核科技,17.87,17.89,17.46,17.7,17.6,0.27,1.5341,2.4184,9272682,164441898.1,6851672387,6851672387
2014/10/17,'000777,中核科技,17.6,17.76,17.25,17.36,17.4,0.2,1.1494,3.5237,13510644,236742972.8,6748149637,6748149637
2014/10/16,'000777,中核科技,17.4,18.15,17.32,18,18.13,-0.73,-4.0265,4.7196,18095939,322751531.5,6671466118,6671466118
2014/10/15,'000777,中核科技,18.13,18.6,17.86,18.58,18.5,-0.37,-2,4.0825,15652989,284403933.7,6951360961,6951360961
2014/10/14,'000777,中核科技,18.5,18.94,18.33,18.7,18.78,-0.28,-1.4909,4.1853,16047110,299444008.7,7093225471,7093225471
2014/10/13,'000777,中核科技,18.78,18.78,18.13,18.25,18.49,0.29,1.5684,4.8481,18588564,344286594.7,7200582397,7200582397
2014/10/10,'000777,中核科技,18.49,18.88,18,18.6,18.82,-0.33,-1.7535,4.8305,18521084,341909462.1,7089391295,7089391295
2014/10/9,'000777,中核科技,18.82,19.23,18.24,18.41,18.4,0.42,2.2826,8.445,32379608,608608140.7,7215919100,7215919100
2014/10/8,'000777,中核科技,18.4,18.47,18.05,18.18,18.34,0.06,0.3272,5.2287,20047862,367190634.5,7054883711,7054883711
2014/9/30,'000777,中核科技,18.34,18.48,18,18.48,18.48,-0.14,-0.7576,6.5438,25089981,457831973.7,7031878656,7031878656
2014/9/29,'000777,中核科技,18.48,18.7,18.11,18.55,18.49,-0.01,-0.0541,8.0355,30809341,568362022.3,7085557119,7085557119
2014/9/26,'000777,中核科技,18.49,19.5,18.25,19,18.1,0.39,2.1547,18.5421,71093643,1337429997,7089391295,7089391295
2014/9/25,'000777,中核科技,18.1,18.1,16.85,16.85,16.45,1.65,10.0304,9.1181,34960564,624848947.8,6939858433,6939858433
2014/9/24,'000777,中核科技,16.45,16.57,16.11,16.24,16.35,0.1,0.6116,5.5393,21238600,347828631.9,6307219405,6307219405
2014/9/23,'000777,中核科技,16.35,16.4,15.74,15.74,15.72,0.63,4.0076,6.6069,25332081,410284034.3,6268877646,6268877646
2014/9/22,'000777,中核科技,15.72,15.75,15.15,15.44,15.49,0.23,1.4848,3.7531,14389999,223303276.3,6027324562,6027324562
2014/9/19,'000777,中核科技,15.49,15.59,15.14,15.24,15.24,0.25,1.6404,2.7595,10580344,161879008.1,5939138516,5939138516
2014/9/18,'000777,中核科技,15.24,15.29,15.11,15.29,15.3,-0.06,-0.3922,1.5455,5925664,90046949.55,5843284117,5843284117
2014/9/17,'000777,中核科技,15.3,15.46,14.93,15.21,15.34,-0.04,-0.2608,2.7551,10563539,160463846.9,5866289173,5866289173
2014/9/16,'000777,中核科技,15.34,16.35,15.31,16.32,16.29,-0.95,-5.8318,4.1647,15968122,253565030.9,5881625877,5881625877
2014/9/15,'000777,中核科技,16.29,16.4,16.17,16.28,16.25,0.04,0.2462,3.0724,11780038,191867274.9,6245872590,6245872590
2014/9/12,'000777,中核科技,16.25,16.25,15.91,16.08,16.08,0.17,1.0572,2.7211,10433202,168038055.7,6230535886,6230535886
2014/9/11,'000777,中核科技,16.08,16.37,15.88,16.25,16.25,-0.17,-1.0462,5.0011,19175210,309831845.9,6165354895,6165354895
2014/9/10,'000777,中核科技,16.25,16.46,16.12,16.46,16.48,-0.23,-1.3956,3.7188,14258358,231590872,6230535886,6230535886
2014/9/9,'000777,中核科技,16.48,16.88,16.39,16.59,16.5,-0.02,-0.1212,4.5645,17501164,290068855.4,6318721933,6318721933
2014/9/5,'000777,中核科技,16.5,16.59,16.17,16.35,16.42,0.08,0.4872,4.6339,17767150,290996491.7,6326390285,6326390285
2014/9/4,'000777,中核科技,16.42,16.55,16,16.25,16.34,0.08,0.4896,6.4117,24583739,399937806.3,6295716877,6295716877
2014/9/3,'000777,中核科技,16.34,16.93,16.32,16.6,16.31,0.03,0.1839,8.7085,33389732,554019392.1,6265043470,6265043470
2014/9/2,'000777,中核科技,16.31,16.5,15.88,15.88,15.83,0.48,3.0322,9.0359,34645373,562912019.4,6253540942,6253540942
2014/9/1,'000777,中核科技,15.83,15.89,15.46,15.64,15.69,0.14,0.8923,4.3339,16617029,261725288.8,6069500497,6069500497
2014/8/29,'000777,中核科技,15.69,15.75,15.36,15.61,15.85,-0.16,-1.0095,4.4467,17049585,264609285.8,6015822034,6015822034
2014/8/28,'000777,中核科技,15.85,16.44,15.28,15.48,15,0.85,5.6667,10.4513,40072211,635281699.5,6077168849,6077168849
2014/8/27,'000777,中核科技,15,15.12,14.7,14.7,14.71,0.29,1.9714,1.9413,7443418,111176574.8,5751263895,5751263895
2014/8/26,'000777,中核科技,14.71,15.12,14.67,14.97,14.97,-0.26,-1.7368,2.3409,8975553,133608629.4,5640072793,5640072793
2014/8/25,'000777,中核科技,14.97,15.37,14.91,15.31,15.39,-0.42,-2.729,2.7187,10424085,156974318.4,5739761367,5739761367
2014/8/22,'000777,中核科技,15.39,15.59,15.19,15.59,15.58,-0.19,-1.2195,3.1663,12140317,186174803,5900796756,5900796756
2014/8/21,'000777,中核科技,15.58,15.76,15.42,15.46,15.44,0.14,0.9067,3.7485,14372399,223967978.2,5973646099,5973646099
2014/8/20,'000777,中核科技,15.44,15.8,15.36,15.69,15.67,-0.23,-1.4678,3.9151,15011306,233063730.4,5919967636,5919967636
2014/8/19,'000777,中核科技,15.67,15.8,15.21,15.21,15.17,0.5,3.296,6.4914,24889247,386425398.1,6008153682,6008153682
2014/8/18,'000777,中核科技,15.17,15.19,14.88,14.9,14.86,0.31,2.0861,2.9649,11367877,171743826.3,5816444886,5816444886
2014/8/15,'000777,中核科技,14.86,14.96,14.66,14.68,14.73,0.13,0.8826,2.2347,8568367,127235498,5697585432,5697585432
2014/8/14,'000777,中核科技,14.73,15.13,14.7,15.12,15.07,-0.34,-2.2561,3.8186,14641335,217284635.3,5647741145,5647741145
2014/8/13,'000777,中核科技,15.07,15.55,14.8,15.55,15.56,-0.49,-3.1491,6.1631,23630235,356486647,5778103127,5778103127
2014/8/12,'000777,中核科技,15.56,15.7,15.46,15.69,15.68,-0.12,-0.7653,3.0927,11858048,184111173,5965977747,5965977747
2014/8/11,'000777,中核科技,15.68,15.84,15.56,15.84,15.7,-0.02,-0.1274,4.0343,15468224,242667833.5,6011987858,6011987858
